Statistic:,+/-,3PA,3PM,AST,BLK,DKPoints,DREB,FGA,FGM,FTA,FTM,MIN,OREB,PF,PTS,REB,STL,TO,home_team_score,visit_team_score,Home,home_win_pct,away_win_pct,team_win_pct,opponent_win_pct
Averages:,-0.0029020925614785397,2.2060485718649763,0.76890178707805101,1.9958759737284253,0.47197189552466778,19.69203451962731,3.1206659538720025,7.8035741561020311,3.4467695127539333,2.1964258438979685,1.661371620589583,22.341835955399418,0.97632503436688556,1.925003818542844,9.323812433175501,4.096990988238888,0.73988086146326559,1.3464182068122805,101.80217530390276,99.63557261676263,0.49891234804862444,0.50213196708145691,0.48721719104510292,0.49504012355684834,0.49430903456971148
Std Devs:,10.509077920455134,2.4858610407758874,1.1868865681314797,2.3504096233180913,0.89158804712311179,13.681026500730402,2.7105127937942859,5.4901433268703892,2.870677296674593,2.8232210144690133,2.2823952262173632,10.586043154781105,1.3454231738383742,1.4789580684938473,7.7053863341271063,3.4701250124405933,0.97744320527300366,1.4204823709036061,10.997406231531384,11.650705742859479,0.50003080976977687,0.25478895265098317,0.26501940646595168,0.26009618084725,0.26002623931380398
