+/-,3PA,3PM,AST,BLK,DKPoints,DREB,FGA,FGM,FTA,FTM,MIN,OREB,PF,PTS,REB,STL,TO,home_team_score,visit_team_score,Home,team_win_pct,opponent_win_pct,HomeCurr,team_win_pctCurr,opponent_win_pctCurr
0.098714250931298791,0.0036804196833946281,0.018680665247404443,0.11309904995945499,0.10240483283350536,0.14217088453325283,0.037839620478224478,0.13588854492160751,0.13075650920239076,0.084369923263192217,0.081385299834588962,0.028000701276721846,0.061687752430879886,-0.024564683075652103,0.12608386171334593,0.054091704699707185,0.042382253355472709,0.0011981196581308297,0.017484349930756451,0.01341170698647836,-0.06154063967059268,0.08584586767002976,-0.022678741756041815,0.01346883363805818,-0.1353412686793726,-0.029896351847398406
-0.020901768538477115,0.031545346389924921,0.020844726773464835,0.16707155537679066,0.057129205423084646,0.13471563817791163,0.089078158625584408,0.12777600909110623,0.081741113289048067,0.054989823288167393,0.051484698074580462,0.13706226479561498,0.048709727082134356,-0.010962188569938509,0.080405923061200299,0.087619797921582324,0.076884462028750641,0.09567869858571118,0.02405089192233404,0.011924510279948146,-0.042001539626061415,0.031466057638446079,-0.046634361015431787,0.016964495578950429,-0.010436464194949806,-0.016909161601335359
0.013394366076571049,-0.0076151754409436879,-0.025397248478364619,0.16004020040224659,0.13750834371312065,0.16005464018121368,0.043776752918718971,0.13442398540964393,0.10713191200353955,0.061756021698018422,0.10776527245472792,0.060741038625696957,0.10134038449832959,0.017042108986256521,0.10895861139795086,0.074914172085752073,0.070571286514732129,0.018236099787245073,0.029099603304274975,-0.0030548645570971779,-0.046801591501568603,0.045983711453501303,-0.024286510518682424,0.048004530477223167,0.043146950962560361,-0.057566353104686455
