+/-,3PA,3PM,AST,BLK,DKPoints,DREB,FGA,FGM,FTA,FTM,MIN,OREB,PF,PTS,REB,STL,TO,home_team_score,visit_team_score,Home,team_win_pct,opponent_win_pct,HomeCurr,team_win_pctCurr,opponent_win_pctCurr
-0.020977651734610119,0.046656235978626427,-0.019145049905150414,0.11707419194459109,0.065833492679966452,0.043252147466808076,0.063726294859438731,0.22498876358492154,0.013150689562997895,-0.0073968955203290131,0.034533227240964554,0.31482317336579607,0.072219457681583471,0.12328855243777619,0.017088581873113937,0.078063296552188063,-0.027030992652651454,0.081370692899978184,0.031116385533098933,-0.092080531648476224,-0.027556073719090853,0.018148439584234295,-0.055958697434887211,0.016584774609026624,0.050913949064773575,-0.026811995482524921
