+/-,3PA,3PM,AST,BLK,DKPoints,DREB,FGA,FGM,FTA,FTM,MIN,OREB,PF,PTS,REB,STL,TO,home_team_score,visit_team_score,Home,team_win_pct,opponent_win_pct,HomeCurr,team_win_pctCurr,opponent_win_pctCurr
0.012808112657687134,0.012478067169054193,-0.050093201114624265,0.10028821471912369,0.081960521487168161,0.083085394157469294,0.061678620470991825,0.27897456011760452,0.055365381051232891,0.060956181110130202,0.035163461693364061,0.13791132243033891,0.020373977501227863,0.018730883373359083,0.044670801667694444,0.055173498463023503,0.044486905361598626,0.072682716003801079,0.015181706765347055,-0.0044370740068606015,0.0010463001903027981,0.0034710893209278508,-0.0026755769301451721,0.0013986431811583088,0.012619070185453392,-0.0097376817137234221
-0.074586477433083012,-0.0049518390873207986,-0.011562779493067931,0.10620174684045955,0.078487328910045479,0.081711901177207308,0.061697883462282457,0.20578606536688326,0.036356073118401465,0.015586637807271923,0.062995021864657871,0.12173432843994739,0.034141947988900384,0.0075349599676698817,0.044186251779047482,0.060854171970012173,0.01782300110523782,0.11327771221104049,0.027793205939567939,-0.028604262196783248,-0.03875292485546513,-0.018135849995137399,-0.022979618890436537,0.0093329380416077301,0.077520651508145438,-0.024121003399222539
-0.092570605416800025,-0.018602031570683804,0.0019267582031598529,0.20018529243197691,0.1266112722965784,0.1186156521705119,0.10494332145638793,0.28716283022551115,0.028113306988844195,0.050096972684847543,0.063864509697123845,0.036831775094206813,0.067037110753714241,0.015195179417772551,0.040233614136477552,0.10719739578281351,0.034213298608445332,0.078486408902306584,0.029307614641157123,-0.12334916962667568,-0.027624029889780095,-0.012382853302145225,-0.072861388643148048,0.066740248103969724,0.14932548460775177,-0.040423997030187869
