+/-,3PA,3PM,AST,BLK,DKPoints,DREB,FGA,FGM,FTA,FTM,MIN,OREB,PF,PTS,REB,STL,TO,home_team_score,visit_team_score,Home,team_win_pct,opponent_win_pct,HomeCurr,team_win_pctCurr,opponent_win_pctCurr
0.0071786533135002823,0.018758078114844215,-0.051909474783583327,0.10144349521659536,0.078912883265537123,0.091721254588091841,0.060164285852149418,0.23663418479129847,0.075337167581046083,0.054949557340412541,0.038997014027974057,0.13970593532383804,0.022043763875807802,0.018455255047634515,0.060717558729145901,0.054711921533270674,0.043968782027982156,0.074185623555346483,0.014159743094246955,-0.0057276410714379791,0.0014794018122164423,0.0049817944842265966,-0.0034133038917699508,0.0016407603492231007,0.011126923945066983,-0.0099651774845838908
-0.074433229124310579,0.0053349242008410959,-0.021096421192080137,0.1070755387182529,0.077041489941156088,0.084564828055970445,0.060229334294752808,0.18070932906665457,0.052314488640590344,0.024565638344474349,0.052484549085799727,0.12399161889693362,0.034214881456184669,0.0060725726704340495,0.051829052871718843,0.059770159731395558,0.016448975993399822,0.11385819967054388,0.025059192318039797,-0.027941622454337456,-0.038104102907690465,-0.00073823059722608509,-0.021858270125966743,0.0092596636094195422,0.058700031994278638,-0.024727907739592467
-0.085964946425218042,-0.0061547422874931356,-0.013656979750854888,0.19554580987010478,0.12223244552134604,0.12819156579151902,0.099669982877582164,0.24212858108761745,0.050472210622699187,0.04989615235858752,0.058697681109402863,0.055294322849389878,0.062469133767318233,0.013143621705036699,0.053371510266866339,0.10131719002667941,0.031019617440324235,0.083249522796764716,0.017097860620745309,-0.11179946860119193,-0.025494828957418201,0.017896850827947404,-0.061880373646158386,0.067042615056375182,0.11541398284019315,-0.041545447142614982
