+/-,3PA,3PM,AST,BLK,DKPoints,DREB,FGA,FGM,FTA,FTM,MIN,OREB,PF,PTS,REB,STL,TO,home_team_score,visit_team_score,Home,team_win_pct,opponent_win_pct,const,HomeCurr,team_win_pctCurr,opponent_win_pctCurr
0.0070570216095633522,0.01844191565214752,-0.055297611140743705,0.091226689424007551,0.072618785361866126,0.080071005354457631,0.055739843860324496,0.23296434434440966,0.069266005983535758,0.054363274006914271,0.035348199367862904,0.15187851707521863,0.019973981241241136,0.02004070157688977,0.054513395480556448,0.050503785663277852,0.038545112890626572,0.077591287541401224,0.015707517318899984,-0.0075297259945171979,0.0024512428175676722,0.0056448315481474505,-0.0038205628178480402,-0.020735730226371249,0.0018166004299748533,0.013312148234232182,-0.010007157015191594
-0.074652207173703966,0.006742188966088144,-0.024082537215619579,0.10267210472121167,0.076508137866453454,0.081620162140647767,0.059207917865286744,0.18491075111562957,0.048264202355545641,0.026091073548147013,0.05228644480696857,0.11872217007952761,0.032940359919786152,0.0045920603192922899,0.048226912167578011,0.058470807398319363,0.015927759495305806,0.11795565322460791,0.023389814170615749,-0.026813117361080475,-0.037432424915262753,-0.00014472482367893424,-0.022321635925893733,0.0046008740657505582,0.0092717307131878722,0.060098544967954477,-0.024731858973396255
-0.090369995573124376,-0.0058063229323196425,-0.019701810883120178,0.18180980831225105,0.11413078018584119,0.11355719065449549,0.089500751151459473,0.2336718925391584,0.035603496830275153,0.05347890147676973,0.059834145429237519,0.0003869408273394436,0.055417317716358022,0.0070521858133521563,0.041444631410949048,0.090700809614975675,0.021878843082610622,0.084624187301948303,0.018580538043080318,-0.10198841246169196,-0.024492988597477484,0.02133483861959444,-0.059891196470872182,0.17836918849830971,0.067374552864997453,0.1122177962115625,-0.041762157937864412
