+/-,3PA,3PM,AST,BLK,DKPoints,DREB,FGA,FGM,FTA,FTM,MIN,OREB,PF,PTS,REB,STL,TO,home_team_score,visit_team_score,Home,team_win_pct,opponent_win_pct,HomeCurr,team_win_pctCurr,opponent_win_pctCurr
-0.070980440296459973,-0.016968886344681449,-0.01416264677960374,0.1536333391758124,0.095281818237572008,0.10648309773770638,0.098260924972561961,0.25840736430597783,0.035766140371218079,0.030664054267924842,0.066112619465968289,0.09198129130107488,0.047194378031815483,0.008621453603199946,0.044241137446735475,0.093962130180881176,0.015827553963567095,0.10245085589709495,0.030223406096415644,-0.065645275589907001,-0.033175410121897057,-0.0060409224397774564,-0.033408187232963175,0.035479009030477723,0.11116938003147912,-0.024567953829156514
